No.,PWS,DOH Points,PWS ID.,Estimated Project Cost,Population,Project Description,General or Supplemental,LSLR,EC
1,Benton County Water Authority #5,913,40,"$854,696","1,468",Main Replacements and Interconnection to Rambo Water District No. 1,X,,
2,Gillham Lake Regional Water System,185,658,"$4,083,100",N/A,Water Treatment Plant Rehabilitation and Expansion,X,,
3,Central Arkansas Water,144,465,"$18,500,000","330,667",West Pulaski County Extension,X,,
4,Brinkley Waterworks,97,384,"$4,898,451","5,000",WTP Rehab and Consolidation,X,,
5,Joiner,89,372,"$6,486,721",698,Consolidation with Sandridge Bardstown and Bassett,X,,
6,Central Arkansas Water,60,465,"$35,000,000","313,588","Ozark Point Water Treatment Plant - Reliability & Redundancy Improvements, solar panels",X,,
7,Wright Pastoria,55,695,"$2,050,000",950,Grand Prairie Consolidation,x,,
8,Central Arkansas Water,54,465,"$1,300,000","330,667",Ridgefield Estates Consolidation,X,,
9,Batesville Water Utilities,53,250,"$110,000,000","11,560",New WTP,X,,
10,Cushman Water System,53,249,"$2,274,988","1,200",Water System Improvements,X,,
11,Montgomery County Regional PWA,52,951,"$3,123,543","3,500",WTP Rehab and Expansion,X,,
12,Big Flat Waterworks,50,26,"$3,831,738",523,Water System Rehab,X,,
13,Central Arkansas Water,45,465,"$150,000,000","365,000",Wilson Plant Rehab,X,,
14,S P G Water Association,45,678,"$750,000","1,745",Water System Improvements,X,,
15,Central Arkansas Water,44,465,"$6,050,000","330,667",Paron Owensville Consolidation,X,,
16,Fifty-Six,42,46,"$2,643,649",595,Water Main Replacement Project,X,,
17,Central Arkansas Water,40,465,"$3,225,000","313,588",Perla Consolidation,X,,
18,Perla,40,623,"$6,500,000","1,970",Distribution System Improvements,X,,
19,Southwest White County Water,40,185,"$14,441,906","11,270",Water System Improvements,X,,
20,Central Arkansas Water,38,465,"$5,835,000","313,588","Improve Pump Station 1A, Wilson Water Treatment Plant",X,,
21,Parkers Chapel,38,560,"$1,545,089","2,369",Water System Improvements,X,,
22,Siloam Springs Water Works,37,56,"$31,000,000","19,205",Water Treatment Facility Improvements,X,,
23,Evening Shade Waterworks,35,525,"$2,593,787",428,Water System Improvements,X,,
24,Keo,35,337,"$1,580,223",275,Water System Improvements,X,,
25,Lake View Municipal Water,35,420,"$962,217",268,Water System Improvements,X,,
26,Lee County Water Association,35,313,"$881,500","5,033",Water Line Replacement,X,,
27,Nashville,35,244,"$7,744,656","4,153",Water System Expansion,X,,
28,Amity Waterworks,34,88,"$625,805","1,705",Water System Improvements,X,,
29,Cherry Valley Waterworks,34,158,"$3,315,370",575,Water Treatment Plant for manganese treatment,,,X
30,Judsonia Waterworks,34,582,"$1,365,270","2,745",Water System Improvements,X,,
31,New Hope Water Association,34,683,"$330,156","1,136",Water System Rehabilitation,X,,
32,Horsehead Water Association,33,617,"$2,507,150","8,000",System Rehab and Upgrade,X,,
33,Tumbling Shoals Water,33,579,"$5,055,000","3,150",Water System Improvements,X,,
34,Altheimer Waterworks,32,271,"$1,609,172",696,"Tank, Waterline, and Meter Replacements",X,,
35,Mountainburg,32,141,"$13,434,900","2,371",North Central Crawford County Water,X,,
36,Ozark Acres Water Association,32,530,"$574,840",706,Water System Improvements,X,,
37,"Strong, City Of",32,556,"$1,341,781","1,220",Water Line Replacement,X,,
38,Star City Water Waterworks,31,318,"$986,592","2,173",Tank Rehab and Main Upgrade,X,,
39,Gould Municipal Water-Sewer,30,316,"$1,554,000",663,New Storage Tank,X,,
40,Perla,30,623,"$425,000","1,970",Meter Replacement,X,,
41,Pocahontas,29,474,"$14,514,182","7,500",Water Treatment Plant Expansion,X,,
42,Weiner Waterworks,29,428,"$1,405,753",700,Water System Improvements,X,,
43,Dumas Waterworks,28,171,"$270,023","6,061",Connection with Pickens,X,,
44,Carthage Water and Sewer,27,165,"$4,844,037",231,Water System Replacement,X,,
45,Glenwood Water Department,27,422,"$3,754,575","4,399",Water Treatment Plant Improvements,X,,
46,Keo,27,337,"$503,696",275,Tank Rehab,X,,
47,Marshall Waterworks,27,501,"$863,500","1,329",Storage Tank,X,,
48,Omaha Waterworks,27,64,"$582,000",128,Water System Improvements,X,,
49,Cleveland Co Rural Water Users Assoc,26,69,"$3,048,700","1,344",New Well,X,,
50,Guy Waterworks,26,192,"$800,000",939,Master Meter,X,,
51,Mountainburg,25,141,"$30,000",950,Emergency Power,X,,
52,Clark Co Country Water Facility,24,741,"$1,500,000","2,403",Pump Project,X,,
53,Cross County Rural Water,24,459,"$876,950","10,000",Hydrochloric Acid Feed,X,,
54,Fulton County Water Assoc,24,814,"$6,019,418","2,411",Phase V Water Improvements,X,,
55,Morning Star Water Association,24,681,"$475,100","1,560",Tank Rehab,X,,
56,Village Water Association,24,115,"$402,183",379,Tank Rehab,X,,
57,Hardin Water Association,23,271,3274265,696,Water System Improvements/SCADA,x,,
58,Maumelle Water Corporation,23,464,"$219,364","2,832",Interconnection of System,X,,
59,Maumelle Water Corporation,23,464,"$468,771","2,832",Roland Cutoff Upgrade,X,,
60,Maumelle Water Corporation,23,464,"$2,089,470","2,832",Main Size Upgrade,X,,
61,Strong,23,556,"$495,466","1,131",Well Construction,X,,
62,Tri County Regional Water,22,782,"$800,000","16,698",Hector Plant Upgrade/Raw Water Pumps,X,,
63,Danville,21,603,"$681,492","15,644",Lead Pipe Joint/Service Water Replacement,X,X,
64,Calico Rock Waterworks,21,8,"$1,193,252",888,Water System Improvements,X,,
65,Fayetteville Waterworks,21,569,"$85,000,000","100,000",West Transmission Main,X,,
66,Flippin Waterworks,21,351,"$7,879,108","3,627",Water System Improvements,X,,
67,Junction City Waterworks,21,552,"$2,551,777",726,Water Line Improvements,X,,
68,Rison Waterworks,21,106,"$3,302,782","1,317",Water System Improvements,X,,
69,Salem Water Users,21,492,"$9,000,000","15,713",Water System Improvements,X,,
70,Vilonia,21,195,"$17,500,000","25,500",Water System Improvements,X,,
71,Mountain View,19,542,"$9,500,000","2,902",Water System Improvements,X,,
72,Central Arkansas Water,18,465,"$4,000,000","313,588",HSPS Phase 2,X,,
73,Madison County Water Facilities Board,17,349,"$1,255,696","9,688",Booster Pump Station & Tank Rehab,X,,
74,Sevier Co Water Association,16,868,"$3,397,405","4,927",Clearwell Rehab,X,,
75,Alma Waterworks,14,144,"$5,391,540","5,825",Emergency Connection to Ft Smith,X,,
76,Bald Knob Waterworks,14,584,"$811,735","3,385",Meter Replacement,X,,
77,Des Arc Waterworks,14,449,"$1,474,200","3,478",Water Plant Repairs,X,,
78,Des Arc Waterworks,14,449,"$1,474,200","3,478",Tank Rehab,X,,
79,Beaver Water District,13,38,"$125,686,157","400,000",Western Corridor Pipeline Expansion,X,,
80,Calhoun County Water Assn,13,919,"$2,969,609",733,Water System Expansion,X,,
81,Central Arkansas Water,13,465,"$950,000","365,000",8 Inch Main Install for Interconnect,X,,
82,Central Arkansas Water,13,465,"$1,000,000","365,000",Booster Pump Station No. 23,X,,
83,Central Arkansas Water,13,465,"$5,000,000","365,000",Booster Pump Station No. 14,X,,
84,Central Arkansas Water,13,465,"$1,000,000","365,000",Booster Pump Station No. 17B,X,,
85,Central Arkansas Water,13,465,"$3,000,000","365,000",Booster Pump Station No. 22,X,,
86,Manila Waterworks,13,378,"$1,000,000","3,600",Water Supply Well,X,,
87,Camden Waterworks,11,404,"$2,869,137","10,999",Water Master Plan Phase 2,X,,
88,Central Arkansas Water,11,465,"$60,000,000","365,000",60 inch Install Raw Water,X,,
89,Central Arkansas Water,11,465,"$4,700,000","365,000",Raw Water Pump Station,X,,
90,Central Arkansas Water,11,465,"$11,025,000","365,000",JTH Building,X,,
91,Central Arkansas Water,11,465,"$800,000","365,000",Pump Station No. 10,X,,
92,Conway Corp,11,189,"$39,292,980","65,121",Emerging Contaminants Cyanotoxins,,,X
93,Lonoke White Public Water Authority,11,1076,"$12,970,441","101,000",Storage Tank,X,,
94,McGehee Waterworks,11,170,"$1,989,322","3,849",Meter Replacement,X,,
95,McGehee Waterworks,11,170,"$652,012","3,849",Water Treatment Plant Repairs,X,,
96,McGehee Waterworks,11,170,"$2,170,983","3,849",Water System Improvements,X,,
97,Monticello,3,184,"$2,146,616","9,467",Main St. Relocations,X,,
98,Little River County RDA,109,787,"$1,415,000","7,856",Water System Improvements,X,,
99,Old Bella Vista Poa,66,753,"$4,000,000",36,Consolidate with Bentonville,x,,
100,Lee County Water Association,64,313,"$222,500","5,033",Aerator Installment,X,,
101,Southeast Bradley County Water Association,64,870,"$2,358,073","2,665",Connection and Consolidation with Banks as well as main replacements,X,,
102,Oak Hills Suburban Improvement District,61,676,"$5,500,000",150,Consolidation with Bentonville,X,,
103,Compton Waterworks,59,669,"$4,761,500",811,Water Distribution System Rehab/Replacement,X,,
104,Kimzey,49,821,"$2,704,320","15,000",Pearcy Bonnerdale Transmission,X,,
105,Wilburn,49,686,"$1,951,567",773,Connection to Heber Springs,X,,
106,Burdette Waterworks,47,366,"$1,400,000",500,Water Treatment Plant Improvements,X,,
107,Tillar,47,186,"$2,567,912",397,Water System Replacement,X,,
108,Bee Branch,43,462,"$3,724,000","5,700",Water System Improvements,X,,
109,Clinton Waterworks,43,564,"$5,150,000","2,506",Water Improvements,X,,
110,Southwest Arkansas Water Syst,40,889,"$292,000","1,058",Water System Improvements,X,,
111,Monette,39,692,"$1,608,853",692,Water System Improvements,X,,
112,Community,38,101,"$30,039,820","18,203",Water Plant Expansion,X,,
113,North Garland County,38,867,"$17,945,215","15,000","WTP Expansion, Tank, Dist. System upgrade",X,,
114,Winslow Waterworks,37,332,"$12,024,000","2,400",Water Improvement Project,X,,
115,Felsenthal,36,545,"$713,874",150,Distribution Improvements,X,,
116,Antoine Waterworks,32,424,"$746,904",563,Water System Improvements,X,,
117,Bald Knob North,32,689,"$5,200,000","2,560",Water System Improvements,X,,
118,Dermott Waterworks,32,82,"$3,981,696","2,889",Waterline Replacement,X,,
119,Caraway Waterworks,31,127,"$527,000","1,375",Water Supply Well and Tank Rehab,X,,
120,Dota Public Water Authority,31,698,"$550,000","2,850",New Tank,X,,
121,Leslie Waterworks,31,500,"$2,789,484",740,Water Main Replacement Project,X,,
122,North Howard Rural Water Association,30,1075,"$1,027,507",710,Water System Improvements,X,,
123,Casa Water Department,29,660,"$824,435","1,200",Water System Improvements,X,,
124,Johnson Township,29,640,"$1,394,995",600,Water System Improvements,X,,
125,Washington Water Authority,29,574,"$12,000,000","15,103",Water Main Extension,X,,
126,Batts Lapille,28,622,"$284,350",583,Water System Improvements,X,,
127,Southwest Arkansas Water Syst,28,889,"$5,010,000","2,193",Spring Hill Water System Extension,X,,
128,Cotter Waterworks,27,28,"$5,171,000",886,Water Main Rehab,X,,
129,Gillett Water Dept,27,9,"$1,260,000",564,Elevated Storage Tanks,x,,
130,Mountain Home Waterworks,27,25,"$110,699","18,950","Intake, Trans Main, WTP Imp",X,,
131,Paragould,27,222,"$12,643,752","31,043",Water Treatment Plant Upgrade,X,,
132,Dermott Waterworks,26,82,"$1,040,383","2,889",New Well,X,,
133,Deer Water Association,25,670,"$468,275",398,Smith Mountain Road Extension,X,,
134,Caldwell Water,24,532,"$176,234",460,Water Meter Replacement/Upgrade,X,,
135,Emerson Waterworks,24,111,"$1,175,358","1,145",Water Tank Improvements,X,,
136,Grange Calamine,24,759,"$403,200","1,218",Water Meter Replacements,X,,
137,Menifee Water Department,24,118,"$352,984",326,AC Waterline Replacement,X,,
138,Morning Star Water Association,24,681,"$350,000","1,560",Meter Replacement,X,,
139,Southwest Water Users,24,495,"$4,200,000","12,000",Water Supply Connections,X,,
140,Lawson Urbana Water Association,23,548,"$707,784","1,108",Well No. 4 Construction,X,,
141,Maumelle Water Corporation,23,464,"$468,771","2,832",Roland Cutoff Upgrade,X,,
142,Tull Water,23,220,"$200,000","1,987",HWY 190 Pump Station,X,,
143,Stamps Waterworks,22,296,"$486,844",1258,LSLI,X,X,
144,Dorcheat,21,714,"$543,325","1,860",Water Meter Replacement,X,,
145,Holiday Island,21,78,"$7,510,000","2,373",Water Main and PRV Replacement,X,,
146,Humphrey Waterworks,21,10,"$1,463,083",602,water system rehab,,,
147,Lewisville Waterworks,21,297,"$2,131,410",881,Water main replacement phase 2,x,,
148,Lewisville Waterworks,21,297,"$2,131,410",881,Water Main Replacement Phase 2,X,,
149,Luxora Waterworks,21,361,"$3,320,387","1,180",Water System Improvements,X,,
150,Marshall Waterworks,21,501,"$1,855,200","3,295",Water Main Rehab,X,,
151,Murfreesboro Waterworks,21,425,"$395,727","1,495",Village Circle and Anthony Avenue Water System Improvements,X,,
152,Murfreesboro Waterworks,21,425,"$114,543","1,495",North Kelley Water System Improvements,X,,
153,NOWCO,21,0,"$2,721,045","5,973",Rocky Point Road improvements,x,,
154,Ogden Waterworks,21,322,"$312,000",515,Tank Rehab,X,,
155,Ozan Waterworks,21,227,"$255,500",340,Water Treatment Plant Improvements,X,,
156,Ozan Waterworks,21,227,"$324,000",340,Tank Improvements,X,,
157,Parker’s Chapel,21,560,"$276,683","2,391",Waterline Replacement,X,,
158,Roe,21,389,"$12,000",75,Meter Replacements,X,,
159,Taylor Waterworks,21,114,"$361,912",300,Meter Replacement and Scada,X,,
160,Ashdown Waterworks,19,320,"$12,510,650","4,723",Water Distribution Improvements,X,,
161,Conway County Regional Water,19,119,"$8,450,045","21,260","24"" Raw Water and New Filter",X,,
162,Marianna Waterworks,18,310,"$593,659","3,795",LSLI,,X,
163,Holly Grove Waterworks,18,388,"$510,012","1,010",Tank and Plant Modifications,X,,
164,Bee Branch,17,642,"$65,000","3,345",Water Line Replacement,X,,
165,Northeast Yell County,16,697,"$1,504,970","6,795",Pump Station Improvements,X,,
166,Grand Prairie Regional Water,15,738,"$5,065,740",7856,Distribution System Improvements,x,,
167,Grand Prairie Regional Water,15,738,"$5,065,740","7,856",Distribution System Improvements,X,,
168,Alma Waterworks,14,144,"$6,206,000","5,978",Manganese Treatment (Filters),x,,
169,Stamps Waterworks,14,296,"$5,088,640","3,262",Water Distribution Improvements,X,,
170,Tulip Princeton,14,825,"$353,912","1,053",Water Meter Replacement,X,,
171,Lisbon Water Association,13,716,"$403,702",487,Water Line Extension,X,,
172,Smackover Waterworks,13,555,"$942,429","2,821",Mount Holly Highway Water Line Extension,X,,
173,Trumann Waterworks,13,435,"$1,151,782","7,400",Clearwell Replacement,X,,
174,Paris Waterworks,11,328,"$764,661","1,777",Waterline Relocate and Lead Service Line Replacements,X,X,
175,Berryville Waterworks,11,74,"$1,500,000","5,682",Storage Tank Rehab,X,,
176,Central Arkansas Water,11,465,"$6,250,000","365,000",Main Relocate Various Locations,X,,
177,Central Arkansas Water,11,465,"$6,400,000","365,000",Cantrell Rd/Hwy 10 Main Relocation,X,,
178,Central Arkansas Water,11,465,"$14,000,000","365,000",Purchase/Install AMI Meters,X,,
179,Central Arkansas Water,11,465,"$34,500,000","365,000",Replace Aging Water Mains,X,,
180,Central Arkansas Water,11,465,"$900,000","365,000",GAC Replacement,X,,
181,Central Arkansas Water,11,465,"$20,000,000","365,000",Restore Lake Volume through Sediment Removal,X,,
182,Central Arkansas Water,11,465,"$2,500,000","365,000",Replace 12 Inch Main Baseline Rd,X,,
183,Central Arkansas Water,11,465,"$2,000,000","365,000",Raw Water Line Rehab,X,,
184,Central Arkansas Water,11,465,"$1,500,000","365,000",3rd Generator at Lake Maumelle Intake,X,,
185,Central Arkansas Water,11,465,"$900,000","365,000",12 Inch Relocation,X,,
186,Central Arkansas Water,11,465,"$1,175,000","365,000",8 Inch Relocation,X,,
187,Green Forrest Waterworks,11,77,"$4,043,143","5,785",Water System Improvements,X,,
188,Paris Waterworks,11,328,"$764,661","1,777",Waterline Relocate,X,,
189,Prescott Waterworks,11,394,"$3,397,405","4,525",Water Intake Improvements,X,,
190,Texarkana Water Utilities,11,360,"$3,551,000","29,387",Water Line Replacement,X,,
191,Texarkana Water Utilities,11,360,"$1,533,000","29,387",Water Line Replacement,X,,
192,Texarkana Water Utilities,11,360,"$3,240,000","29,387",Lakewood Elevated Tank,X,,
193,Forrest City Waterworks,9,4,"$1,500,911","15,435",LSLI,,X,
194,Liberty Utilities,6,272,"$2,952,940","48,038",LSLI,,X,
195,Benton County Water Authority4,3,899,"$5,000",555,LSLI,,X,
196,Bryant Waterworks,3,486,"$172,160","19,607",LSLI,,X,
197,Fulton County Water Assoc,3,814,"$21,160","2,411",LSLI,,X,
198,Gould Municipal Water-Sewer,3,316,"$7,220",837,LSLI,,X,
199,Lawson-Urbana Water Assoc,3,548,"$9,120","1,108",LSLI,,X,
200,Maumelle Water Corporation,3,464,"$21,760","2,832",LSLI,,X,
201,Mountain View Waterworks,3,542,"$60,360","6,349",LSLI,,X,
202,Rock Moore Water Authority,3,252,"$28,860","3,442",LSLI,,X,
203,Acorn Rural Water Assn,3,811,"$16,620","1,975",LSLI,,X,
204,ADC - Cummins Unit Maint,3,315,"$5,000","3,800",LSLI,,X,
205,ADC - Tucker Unit Maint,3,282,"$5,000","1,850",LSLI,,X,
206,ADC East Arkansas Regional,3,796,"$5,000","1,650",LSLI,,X,
207,Airport Road Water Association,3,663,"$5,000",525,LSLI,,X,
208,Alicia Water System,3,303,"$5,000",124,LSLI,,X,
209,Alma Waterworks,3,144,"$49,820","5,978",LSLI,,X,
210,Alpena Waterworks,3,58,"$5,000",528,LSLI,,X,
211,Alpine Water Association,3,764,"$6,160",610,LSLI,,X,
212,Altheimer Waterworks,3,271,"$6,400",900,LSLI,,X,
213,Altus Waterworks,3,197,"$15,240","1,820",LSLI,,X,
214,Amity Waterworks,3,88,"$7,340",925,LSLI,,X,
215,Antoine Waterworks,3,424,"$5,000",563,LSLI,,X,
216,AR Dept Of Correction Izard Co,3,790,"$5,000",907,LSLI,,X,
217,Arkadelphia Waterworks,3,85,"$83,800","11,495",LSLI,,X,
218,Arkansas City Waterworks,3,167,"$5,000",366,LSLI,,X,
219,"Arkansas Health
Center",3,485,"$12,800","1,000",LSLI,,X,
220,Arsenal Water System,3,667,"$5,000",600,LSLI,,X,
221,"Ash Flat Water
Company",3,527,"$10,260","1,144",LSLI,,X,
222,Ashdown Waterworks,3,320,"$40,340","4,723",LSLI,,X,
223,Atkins Water System,3,441,"$38,260","4,439",LSLI,,X,
224,Augusta Waterworks,3,597,"$19,920","2,128",LSLI,,X,
225,Austin Waterworks,3,346,"$27,720","2,585",LSLI,,X,
226,Autumn Acres MHP,3,890,"$5,000",88,LSLI,,X,
227,"Bald Knob North
Water Assoc",3,689,"$18,820","2,368",LSLI,,X,
228,"Bald Knob
Waterworks",3,584,"$24,900","2,905",LSLI,,X,
229,Banks Waterworks,3,68,"$5,000",244,LSLI,,X,
230,"Barkada Water
Association",3,785,"$5,000",425,LSLI,,X,
231,Barling Waterworks,3,512,"$40,860","5,100",LSLI,,X,
232,"Barton Lexa Water
Association",3,415,"$30,100","3,700",LSLI,,X,
233,"Basin Valley Water
System",3,819,"$5,000",505,LSLI,,X,
234,"Batesville Water
Utilities",3,250,"$100,400","10,177",LSLI,,X,
235,"Batts-Lapile Water
Association",3,622,"$5,000",583,LSLI,,X,
236,Bauxite Water,3,497,"$5,000",574,LSLI,,X,
237,"Baxter-Marion
Regional Water
Association",3,1178,"$5,000",399,LSLI,,X,
238,Bay Waterworks,3,129,"$15,380","1,821",LSLI,,X,
239,Bearden Waterworks,3,401,"$16,800","1,982",LSLI,,X,
240,Beaver Water District,3,38,"$5,000",54,LSLI,,X,
241,Beaver fork PWA,3,844,"$29,500","3,458",LSLI,,X,
242,Beebe Waterworks,3,592,"$69,480","8,120",LSLI,,X,
243,"Beedeville Water
Works",3,262,"$5,000",112,LSLI,,X,
244,Bella Vista P.O.A.,3,39,"$272,300","27,128",LSLI,,X,
245,Bellefonte Water,3,59,"$5,000",468,LSLI,,X,
246,Belleville Water,3,600,"$9,100","1,103",LSLI,,X,
247,Ben Lomond Waterworks,3,519,"$5,000",210,LSLI,,X,
248,Benton Co Water,3,37,"$46,000","5,743",LSLI,,X,
249,Benton County Water Authority5,3,913,"$13,560","1,468",LSLI,,X,
250,Benton Waterworks,3,484,"$305,760","30,681",LSLI,,X,
251,Bentonville Water Utilities,3,41,"$402,560","47,195",LSLI,,X,
252,Benton-Washington Regional PWA,3,871,"$5,000",25,LSLI,,X,
253,Bergman Waterworks,3,60,"$24,980","3,122",LSLI,,X,
254,Berryville Waterworks,3,74,"$55,200","6,025",LSLI,,X,
255,Bethesda Water Association,3,627,"$11,360","1,302",LSLI,,X,
256,Big Cliffy Water,3,799,"$5,000",170,LSLI,,X,
257,Big Flat Waterworks,3,26,"$5,000",523,LSLI,,X,
258,Bigelow Waterworks,3,411,"$5,000",544,LSLI,,X,
259,Biggers Waterworks,3,476,"$5,000",404,LSLI,,X,
260,Birdsong Whitton Water Assoc,3,417,"$5,000",452,LSLI,,X,
261,Biscoe Waterworks,3,448,"$5,000",440,LSLI,,X,
262,Black Oak Waterworks,3,123,"$5,000",264,LSLI,,X,
263,Black Rock Waterworks,3,302,"$6,720",663,LSLI,,X,
264,Blevins Waterworks,3,233,"$5,000",335,LSLI,,X,
265,Blue Mountain Waterworks,3,638,"$5,000",357,LSLI,,X,
266,Blytheville Waterworks,3,365,"$128,240","16,243",LSLI,,X,
267,Bodcaw Rural Water System,3,887,"$9,980","1,430",LSLI,,X,
268,Bois D'Arc Water System,3,178,"$5,000",53,LSLI,,X,
269,Bonanza Waterworks,3,979,"$5,000",575,LSLI,,X,
270,Bono Waterworks,3,126,"$25,760","2,550",LSLI,,X,
271,Booneville Development Center,3,336,"$5,000",275,LSLI,,X,
272,Booneville Waterworks,3,326,"$39,680","3,915",LSLI,,X,
273,Bowser Water Assn,3,179,"$5,000",580,LSLI,,X,
274,Bradford Waterworks,3,587,"$7,440",950,LSLI,,X,
275,Bradley Co Rural Water Assn,3,54,"$9,360","1,185",LSLI,,X,
276,Bradley Waterworks,3,294,"$5,000",567,LSLI,,X,
277,Branch Water Works,3,653,"$5,000",480,LSLI,,X,
278,Breckenridge Union Water Assoc,3,223,"$10,760","1,312",LSLI,,X,
279,Briarcliff Waterworks,3,24,"$5,000",315,LSLI,,X,
280,Brinkley Waterworks,3,384,"$35,660","3,940",LSLI,,X,
281,Brookland Waterworks,3,131,"$33,800","3,770",LSLI,,X,
282,Brunner Hill Water Assoc,3,837,"$9,200","1,188",LSLI,,X,
283,Buckner Waterworks,3,295,"$5,000",290,LSLI,,X,
284,Buena Vista-Ogemaw Water Association,3,737,"$5,000",384,LSLI,,X,
285,Buffalo Island Reg Water Dist,3,671,"$22,800","3,748",LSLI,,X,
286,Bull Shoals Water System,3,352,"$25,820","3,228",LSLI,,X,
287,Burdette Waterworks,3,366,"$5,000",591,LSLI,,X,
288,Cabot Waterworks,3,338,"$206,560","26,655",LSLI,,X,
289,Caddo Valley Waterworks,3,515,"$6,660",535,LSLI,,X,
290,Caldwell Water,3,532,"$11,700","1,585",LSLI,,X,
291,Calhoun County Water Assn,3,919,"$13,040","1,591",LSLI,,X,
292,Calico Rock Waterworks,3,3,"$14,320","1,603",LSLI,,X,
293,Calion Water Works,3,551,"$5,500",494,LSLI,,X,
294,Camden Waterworks,3,404,"$110,340","13,275",LSLI,,X,
295,Camp Robinson,3,877,"$5,000","1,500",LSLI,,X,
296,Campbell Station Waterworks,3,261,"$5,000",234,LSLI,,X,
297,Caraway Waterworks,3,127,"$11,180","1,375",LSLI,,X,
298,Carlisle Waterworks,3,339,"$18,580","2,417",LSLI,,X,
299,Carthage Water and Sewer,3,165,"$5,000",345,LSLI,,X,
300,Casa Water Dept,3,660,"$10,780","1,200",LSLI,,X,
301,Cash Waterworks,3,130,"$5,000",342,LSLI,,X,
302,Cave City Waterworks,3,526,"$23,740","2,484",LSLI,,X,
303,Cave Springs Waterworks,3,43,"$38,720","4,802",LSLI,,X,
304,Cedarville Waterworks,3,138,"$67,380","8,423",LSLI,,X,
305,Center Grove Water Association,3,213,"$29,840","4,377",LSLI,,X,
306,Centerton Waterworks,3,44,"$183,460","22,227",LSLI,,X,
307,Central Arkansas Water,3,465,"$2,619,760","330,667",LSLI,,X,
308,Central Arkansas Water-Paron,3,883,"$17,840","2,071",LSLI,,X,
309,Central City Water Department,3,503,"$9,740","1,218",LSLI,,X,
310,Central Logan County PWFB,3,845,"$10,940","1,268",LSLI,,X,
311,Charleston Waterworks,3,200,"$28,920","3,265",LSLI,,X,
312,Cherokee Village Water Assoc,3,521,"$59,900","4,717",LSLI,,X,
313,Cherry Valley Waterworks,3,158,"$5,500",651,LSLI,,X,
314,Chester Water Works,3,647,"$5,000",205,LSLI,,X,
315,Chicot Junction Water Assoc,3,661,"$5,700",681,LSLI,,X,
316,Chidester Waterworks,3,403,"$5,000",336,LSLI,,X,
317,City Corporation,3,446,"$249,480","29,260",LSLI,,X,
318,Clarendon Waterworks,3,385,"$13,060","1,293",LSLI,,X,
319,Clark Co Country Water Facility,3,741,"$20,820","2,403",LSLI,,X,
320,Clarksdale-Jericho Water Assoc,3,148,"$7,540",925,LSLI,,X,
321,Clarksville Connected Utilities,3,289,"$78,540","9,410",LSLI,,X,
322,Clay Co Reg Water District,3,722,"$51,120","5,633",LSLI,,X,
323,Cleveland Co Rural Water Users Assoc,3,69,"$13,000","2,243",LSLI,,X,
324,Clinton Waterworks,3,564,"$51,900","5,733",LSLI,,X,
325,Coal Hill Waterworks,3,290,"$11,540","1,300",LSLI,,X,
326,Collins Water Association,3,181,"$5,000",212,LSLI,,X,
327,Colt Water Association,3,533,"$8,200",853,LSLI,,X,
328,Community Water Association (Salesville),3,36,"$6,300",627,LSLI,,X,
329,Community Water System,3,101,"$144,020","17,412",LSLI,,X,
330,Compton Waterworks,3,669,"$6,960",811,LSLI,,X,
331,Concord Water & Sewer PFB,3,147,"$24,160","3,020",LSLI,,X,
332,Conway Co Regional Water Dist,3,119,"$175,560","18,973",LSLI,,X,
333,Conway Water System,3,189,"$538,580","64,960",LSLI,,X,
334,Corinth Valley Water System,3,927,"$5,000",94,LSLI,,X,
335,Corning Waterworks,3,96,"$30,500","3,519",LSLI,,X,
336,Cotter Waterworks,3,28,"$9,120","1,125",LSLI,,X,
337,Cotton Plant Waterworks,3,596,"$5,000",435,LSLI,,X,
338,Cotton shed Waterworks,3,620,"$5,000",21,LSLI,,X,
339,Cottonwood Water Association,3,813,"$6,480",720,LSLI,,X,
340,Cove Waterworks,3,439,"$5,280",651,LSLI,,X,
341,Coy Waterworks,3,340,"$5,000",225,LSLI,,X,
342,Crawfordsville Waterworks,3,149,"$16,240","1,646",LSLI,,X,
343,Crestwood Mobile Home Park,3,873,"$5,000",34,LSLI,,X,
344,Crossett Water Commission,3,17,"$59,660","7,900",LSLI,,X,
345,Crowley’s Ridge Water Assoc,3,180,"$31,260","3,695",LSLI,,X,
346,Cushman Water System,3,249,"$11,100","1,240",LSLI,,X,
347,Fort Smith Water Utilities,3,507,"$719,980","86,209",LSLI,,X,
348,Damascus Water Works,3,190,"$18,880","1,695",LSLI,,X,
349,Danville Waterworks,3,603,"$23,160","2,810",LSLI,,X,
350,Dardanelle Waterworks,3,601,"$36,260","4,228",LSLI,,X,
351,Decatur Waterworks,3,52,"$18,500","2,383",LSLI,,X,
352,Deer Run Water Company,3,685,"$5,000",121,LSLI,,X,
353,Deer Water Association,3,670,"$7,300",882,LSLI,,X,
354,Delaplaine Waterworks,3,224,"$5,000",116,LSLI,,X,
355,Delight Waterworks,3,423,"$12,620","1,577",LSLI,,X,
356,Dell Waterworks,3,367,"$9,020","1,077",LSLI,,X,
357,Denning Waterworks,3,199,"$6,040",755,LSLI,,X,
358,Dequeen Water Work,3,520,"$45,100","6,534",LSLI,,X,
359,Dermott Waterworks,3,82,"$21,700","2,604",LSLI,,X,
360,Des Arc Waterworks,3,449,"$35,420","3,964",LSLI,,X,
361,Devall’s Bluff Waterworks,3,450,"$7,000",600,LSLI,,X,
362,Dewitt Waterworks,3,8,"$30,620","3,294",LSLI,,X,
363,Diamond City Water,3,61,"$10,280","1,245",LSLI,,X,
364,Diaz Waterworks,3,269,"$9,300","1,088",LSLI,,X,
365,Dierks Water Works,3,243,"$11,420","1,102",LSLI,,X,
366,Dogwood Water Association,3,585,"$10,700","1,345",LSLI,,X,
367,Dorcheat Water Association,3,714,"$14,640","1,860",LSLI,,X,
368,Dota Public Water Authority,3,698,"$23,160","2,722",LSLI,,X,
369,Dover Waterworks,3,444,"$14,800","1,410",LSLI,,X,
370,Dumas Waterworks,3,171,"$56,000","6,338",LSLI,,X,
371,Dyer Waterworks,3,143,"$5,920","1,010",LSLI,,X,
372,Dyess Rural Water,3,730,"$5,000",314,LSLI,,X,
373,Dyess Waterworks,3,376,"$5,000",430,LSLI,,X,
374,E Cass Water Supply Corp,3,886,"$5,000",150,LSLI,,X,
375,Earle Waterworks,3,150,"$14,000","1,720",LSLI,,X,
376,East End Water,3,646,"$47,700","5,954",LSLI,,X,
377,East Johnson Co Water Assn,3,772,"$34,200","4,828",LSLI,,X,
378,East Logan Co Rural Water,3,809,"$16,720","2,008",LSLI,,X,
379,East Monroe County Water Users,3,715,"$6,820",762,LSLI,,X,
380,East Newton County Water Assn,3,768,"$14,300","1,798",LSLI,,X,
381,Eastside Homeowners Assoc,3,539,"$5,000",201,LSLI,,X,
382,Edgewood Bay Water,3,350,"$5,000",279,LSLI,,X,
383,El Dorado Waterworks,3,550,"$165,280","17,932",LSLI,,X,
384,Elaine Waterworks,3,418,"$13,160","1,673",LSLI,,X,
385,Elkins Waterworks,3,567,"$27,780","3,473",LSLI,,X,
386,Emerson Waterworks,3,111,"$9,020","1,145",LSLI,,X,
387,Emmet Waterworks,3,393,"$5,000",550,LSLI,,X,
388,England Waterworks,3,341,"$25,420","2,823",LSLI,,X,
389,Enon Water Association,3,183,"$5,000",488,LSLI,,X,
390,Eudora Waterworks,3,83,"$17,140","2,600",LSLI,,X,
391,Eureka Springs Waterworks,3,75,"$36,900","4,053",LSLI,,X,
392,Evening Shade Waterworks,3,525,"$6,300",750,LSLI,,X,
393,Faircrest Water Association,3,544,"$10,340","1,244",LSLI,,X,
394,Fayetteville Waterworks,3,569,"$916,060","102,878",LSLI,,X,
395,FCMTC Waterworks,3,514,"$5,000",500,LSLI,,X,
396,Felsenthal Water and Sewer,3,545,"$5,000",150,LSLI,,X,
397,Fifty-Six Waterworks,3,46,"$5,260",595,LSLI,,X,
398,Flippin Waterworks,3,351,"$36,480","3,627",LSLI,,X,
399,Fordyce Rural Water Assoc,3,635,"$13,020","1,492",LSLI,,X,
400,Fordyce Water Co,3,164,"$39,700","4,500",LSLI,,X,
401,Foreman Waterworks,3,323,"$11,160","1,011",LSLI,,X,
402,Fort Smith Water Utilities,3,,"$714,420","86,209",LSLI,,X,
403,Fouke Waterworks,3,358,"$7,520",940,LSLI,,X,
404,Fountain Hill Waterworks,3,16,"$7,780",890,LSLI,,X,
405,Four Mile Hill Public Facilities Board,3,586,"$37,000","4,603",LSLI,,X,
406,Franklin Waterworks,3,257,"$5,000",192,LSLI,,X,
407,Freedom Water Association,3,812,"$14,700","1,858",LSLI,,X,
408,French port Water Association,3,636,"$14,140","1,669",LSLI,,X,
409,Fulton Waterworks,3,231,"$5,000",365,LSLI,,X,
410,Furlow Water Association,3,645,"$23,240","2,905",LSLI,,X,
411,Garfield Waterworks,3,47,"$5,380",640,LSLI,,X,
412,Garland Waterworks,3,357,"$5,000",342,LSLI,,X,
413,Garrett Bridge Water Assoc,3,692,"$6,080",702,LSLI,,X,
414,Gassville Waterworks,3,34,"$17,380","1,672",LSLI,,X,
415,Gateway Public Water Authority,3,693,"$17,520","1,890",LSLI,,X,
416,Gentry Waterworks,3,48,"$53,660","5,385",LSLI,,X,
417,Gentryville Public Water Auth,3,699,"$5,000",402,LSLI,,X,
418,Gillett Water Dept,3,9,"$6,820",655,LSLI,,X,
419,Gillham Waterworks,3,516,"$5,000",328,LSLI,,X,
420,Gilmore Waterworks,3,154,"$5,000",248,LSLI,,X,
421,Glen Acres,3,857,"$5,000",68,LSLI,,X,
422,Glenwood Water Department,3,422,"$29,400","2,228",LSLI,,X,
423,Gosnell Water Association,3,374,"$23,960","3,220",LSLI,,X,
424,Grady Waterworks,3,317,"$5,000",333,LSLI,,X,
425,Grand Prairie Bayou 2 PWA,3,734,"$97,860","11,150",LSLI,,X,
426,Grand Prairie Regional Water,3,738,"$119,800","13,500",LSLI,,X,
427,Grange-Calamine Water Assoc,3,759,"$21,360","2,292",LSLI,,X,
428,Grannis Waterworks,3,437,"$5,000",548,LSLI,,X,
429,Grassy Knob Subordinate Sd,3,T1101,"$5,000",65,LSLI,,X,
430,Gravette Waterworks,3,51,"$36,060","4,035",LSLI,,X,
431,Gray Rock Water Association,3,76,"$5,880",738,LSLI,,X,
432,Greasy Valley WPFB Logan Co.,3,696,"$5,200",520,LSLI,,X,
433,Green Forest Waterworks,3,77,"$46,300","5,785",LSLI,,X,
434,Green Hill-Brooks Chapel Water,3,701,"$6,460",785,LSLI,,X,
435,Greenbrier Waterworks,3,191,"$81,840","7,893",LSLI,,X,
436,Greenway Waterworks,3,97,"$5,000",322,LSLI,,X,
437,Greenwood Waterworks,3,504,"$76,860","8,952",LSLI,,X,
438,Grubbs Waterworks,3,267,"$6,400",409,LSLI,,X,
439,Guion Water Department,3,626,"$5,000",262,LSLI,,X,
440,Gurdon Waterworks,3,87,"$25,660","2,988",LSLI,,X,
441,Guy Waterworks,3,192,"$18,600","1,692",LSLI,,X,
442,Hackett Waterworks,3,505,"$8,600",990,LSLI,,X,
443,Hamburg Waterworks,3,15,"$46,000","5,357",LSLI,,X,
444,Hampton Waterworks,3,70,"$11,160","1,906",LSLI,,X,
445,Hardin Water Association,3,273,"$38,480","4,600",LSLI,,X,
446,Hardy Waterworks,3,524,"$8,700","1,101",LSLI,,X,
447,Harmony Grove Water Assoc,3,402,"$18,400","2,192",LSLI,,X,
448,Harmony Water Association,3,546,"$5,000",336,LSLI,,X,
449,Harrisburg Waterworks,3,431,"$22,160","2,885",LSLI,,X,
450,Harrison Waterworks,3,62,"$142,700","17,135",LSLI,,X,
451,Hartford Waterworks,3,506,"$5,700",665,LSLI,,X,
452,Hartman Waterworks,3,286,"$7,620","1,230",LSLI,,X,
453,Haskell Water System,3,488,"$27,260","3,990",LSLI,,X,
454,Hatfield Waterworks,3,436,"$6,220",410,LSLI,,X,
455,Havana Waterworks,3,602,"$9,140","1,115",LSLI,,X,
456,Heafer-Black Oak Water Assoc,3,427,"$5,000",436,LSLI,,X,
457,Heber Springs Water System,3,104,"$107,720","13,465",LSLI,,X,
458,Helena Water Sewer,3,419,"$37,500","5,500",LSLI,,X,
459,Hermitage Waterworks,3,67,"$5,000",830,LSLI,,X,
460,Hickory Ridge Waterworks,3,159,"$5,000",280,LSLI,,X,
461,Highfill Water Department,3,885,"$23,480",555,LSLI,,X,
462,Highland Public Water Authority,3,672,"$19,360","1,825",LSLI,,X,
463,Holiday Island Waterworks,3,78,"$35,160","3,930",LSLI,,X,
464,Holly Grove Waterworks,3,388,"$14,540","1,010",LSLI,,X,
465,Hope Water Light Comm,3,230,"$86,540","11,500",LSLI,,X,
466,Horatio Waterworks,3,518,"$9,280","1,278",LSLI,,X,
467,Horsehead Water Association,3,617,"$43,400","4,940",LSLI,,X,
468,Horseshoe Bend Waterworks,3,255,"$25,900","2,186",LSLI,,X,
469,Horseshoe Lake Utilities,3,151,"$5,000",726,LSLI,,X,
470,Hosanna Heights Water,3,884,"$5,000",52,LSLI,,X,
471,Hot Spring Co Water Assoc,3,236,"$27,940","3,528",LSLI,,X,
472,Hot Springs Utilities,3,209,"$664,360","88,909",LSLI,,X,
473,Hot Springs Village Water,3,208,"$187,520","14,092",LSLI,,X,
474,Houston Waterworks,3,414,"$5,800",647,LSLI,,X,
475,Hoxie Water Department,3,301,"$29,380","2,678",LSLI,,X,
476,Hughes Community Water Assoc,3,11,"$17,300","2,030",LSLI,,X,
477,Hughes Waterworks,3,531,"$7,360",827,LSLI,,X,
478,Humnoke Waterworks,3,344,"$5,000",290,LSLI,,X,
479,Humphrey Waterworks,3,10,"$5,060",602,LSLI,,X,
480,Huntington Waterworks,3,508,"$5,000",490,LSLI,,X,
481,Huntsville Waterworks,3,348,"$27,280","2,485",LSLI,,X,
482,Huttig Waterworks,3,553,"$5,800",733,LSLI,,X,
483,Hwy 4 24 Water Association,3,765,"$16,760","2,135",LSLI,,X,
484,Hwy 63 Water Association,3,107,"$57,480","7,185",LSLI,,X,
485,Hwy 64 Water Association,3,749,"$5,000",215,LSLI,,X,
486,Hwy 71 Water District #1 PWA,3,145,"$46,460","6,250",LSLI,,X,
487,Hwy 82 Water Association,3,547,"$5,000",123,LSLI,,X,
488,Hwy 9 Water Association,3,702,"$11,440","1,375",LSLI,,X,
489,Imboden Waterworks,3,300,"$6,940",677,LSLI,,X,
490,Independence Jackson Regional,3,774,"$23,660","2,996",LSLI,,X,
491,Indian Switch Rural Water Assn,3,781,"$5,040",674,LSLI,,X,
492,Jackson port Waterworks,3,263,"$5,000",230,LSLI,,X,
493,Jacksonville Waterworks,3,466,"$209,020","30,481",LSLI,,X,
494,James Fork Regional Water,3,513,"$99,840","11,148",LSLI,,X,
495,Jasper Waterworks,3,397,"$5,400",766,LSLI,,X,
496,Jefferson-Samples-Dexter Water,3,276,"$21,180","2,551",LSLI,,X,
497,Johnson Township Water Assoc,3,640,"$6,500",600,LSLI,,X,
498,Joiner Rural Water,3,377,"$8,420",335,LSLI,,X,
499,Joiner Waterworks,3,372,"$5,360",486,LSLI,,X,
500,Jonesboro Water System,3,124,"$757,660","79,864",LSLI,,X,
501,Judsonia Waterworks,3,582,"$24,440","3,028",LSLI,,X,
502,Junction City Waterworks,3,552,"$5,600",726,LSLI,,X,
503,Keiser Waterworks,3,373,"$6,620",750,LSLI,,X,
504,Kelso-Rohwer Water Association,3,168,"$5,000",593,LSLI,,X,
505,Kensett Waterworks,3,588,"$11,060","1,425",LSLI,,X,
506,Keo Water Works,3,337,"$5,000",275,LSLI,,X,
507,Kibler Water System,3,140,"$14,400","1,800",LSLI,,X,
508,Kimzey Regional Water District,3,821,"$98,080","11,669",LSLI,,X,
509,Kings Hill Estates,3,827,"$5,000",25,LSLI,,X,
510,Kingsland Waterworks,3,108,"$5,000",447,LSLI,,X,
511,Knobel Waterworks,3,99,"$5,000",262,LSLI,,X,
512,Knoxville Waterworks,3,287,"$16,140","1,930",LSLI,,X,
513,Krooked Kreek Water Assn,3,706,"$15,600","2,153",LSLI,,X,
514,Lacey-Ladelle Water Association,3,684,"$11,480","1,352",LSLI,,X,
515,Ladd Water Association,3,277,"$15,040","2,143",LSLI,,X,
516,Lafe Regional Water Distribution District,3,483,"$21,160","2,522",LSLI,,X,
517,Lake Bull Shoals Estates Water,3,31,"$5,000",54,LSLI,,X,
518,Lake Chicot Water Association,3,80,"$16,000","1,909",LSLI,,X,
519,Lake City Waterworks,3,122,"$18,520","2,186",LSLI,,X,
520,Lake Forest Subordinate Dist,3,677,"$5,000",123,LSLI,,X,
521,Lake Lucerne Estates,3,780,"$5,000",55,LSLI,,X,
522,Lake Table Rock Estates,3,824,"$5,000",33,LSLI,,X,
523,Lake View Municipal Water,3,420,"$5,500",500,LSLI,,X,
524,Lake Village Waterworks,3,81,"$20,340","2,543",LSLI,,X,
525,Lakeshore Estates Water Assn,3,726,"$5,000",634,LSLI,,X,
526,Lakeside Water Association,3,822,"$18,160","1,876",LSLI,,X,
527,Lakeview Midway Public Water Authority,3,27,"$31,560","3,012",LSLI,,X,
528,Lamar Waterworks,3,288,"$14,780","1,885",LSLI,,X,
529,Laurelwood Homeowners Association,3,793,"$5,000",90,LSLI,,X,
530,Lavaca Waterworks,3,510,"$29,600","3,650",LSLI,,X,
531,Lawrence Co Reg Water Dist,3,688,"$60,200","7,469",LSLI,,X,
532,Leachville Waterworks,3,362,"$18,800","1,989",LSLI,,X,
533,Lead Hill Waterworks,3,63,"$5,000",565,LSLI,,X,
534,Leatherwood View Estates,3,1091,"$5,000",40,LSLI,,X,
535,Lee County Water Association,3,313,"$31,960","4,813",LSLI,,X,
536,Leisure Hills Mobile Home Park,3,747,"$5,000",95,LSLI,,X,
537,Leola Waterworks,3,218,"$5,000",561,LSLI,,X,
538,Lepanto Waterworks,3,432,"$17,800","1,745",LSLI,,X,
539,Leslie Water System,3,500,"$7,000",740,LSLI,,X,
540,Lewisville Waterworks,3,297,"$12,340","1,951",LSLI,,X,
541,Liberty - Woodson / Hensley,3,471,"$9,100","1,000",LSLI,,X,
542,Lincoln Waterworks,3,572,"$48,920","6,250",LSLI,,X,
543,Lisbon Water Association,3,716,"$5,000",487,LSLI,,X,
544,Little Creek Water Association,3,214,"$18,960","2,542",LSLI,,X,
545,Little Portion Hermitage,3,808,"$5,000",25,LSLI,,X,
546,Little River Co RDA,3,787,"$24,820","4,279",LSLI,,X,
547,Little River Country Club,3,467,"$5,000",120,LSLI,,X,
548,Little River Water Association,3,371,"$6,140",829,LSLI,,X,
549,Locke-Fern Dollard Rd Ww PFB,3,912,"$10,440","1,135",LSLI,,X,
550,Lockesburg Waterworks,3,517,"$6,700",739,LSLI,,X,
551,Locust Bayou Water Association,3,102,"$5,000",531,LSLI,,X,
552,London Waterworks,3,443,"$10,720","1,363",LSLI,,X,
553,Long Lake Water Association,3,274,"$5,000",516,LSLI,,X,
554,Lonoke Waterworks,3,343,"$35,620","4,167",LSLI,,X,
555,Lost Bridge Vill Wat-Sew Dists,3,49,"$8,240",990,LSLI,,X,
556,Louann Waterworks,3,406,"$5,000",170,LSLI,,X,
557,Ludwig Water Association,3,292,"$12,020","1,322",LSLI,,X,
558,Lurton-Pelsor Water Assoc,3,718,"$5,000",312,LSLI,,X,
559,Luxora Waterworks,3,361,"$6,700","1,178",LSLI,,X,
560,Lydesdale Water Association,3,713,"$5,000",405,LSLI,,X,
561,Lynn Waterworks,3,299,"$6,080",651,LSLI,,X,
562,Madison Co Water Facilities Bd,3,349,"$86,000","9,688",LSLI,,X,
563,Magazine Waterworks,3,327,"$8,000","1,000",LSLI,,X,
564,Magness Water Association,3,246,"$5,000",202,LSLI,,X,
565,Magnet-Butterfield Water Authority,3,241,"$15,780","1,838",LSLI,,X,
566,Magnolia Waterworks,3,109,"$85,400","12,165",LSLI,,X,
567,Malvern Waterworks,3,237,"$85,280","9,690",LSLI,,X,
568,Mammoth Spring Waterworks,3,206,"$13,460","1,110",LSLI,,X,
569,Manila Waterworks,3,378,"$29,260","3,348",LSLI,,X,
570,Mansfield Waterworks,3,509,"$18,780","2,348",LSLI,,X,
571,Marie Water System,3,382,"$5,000",135,LSLI,,X,
572,Marion Waterworks,3,152,"$113,080","12,345",LSLI,,X,
573,Marked Tree Waterworks,3,430,"$22,000","2,566",LSLI,,X,
574,Marmaduke Waterworks,3,225,"$9,200","1,111",LSLI,,X,
575,Marshall Waterworks,3,501,"$18,960","3,295",LSLI,,X,
576,Marvell Rural Water Assoc,3,637,"$11,660","1,725",LSLI,,X,
577,Marvell Waterworks,3,421,"$9,540","1,005",LSLI,,X,
578,Marysville Water Association,3,1,"$6,000",744,LSLI,,X,
579,Mayflower Waterworks,3,193,"$64,520","7,578",LSLI,,X,
580,Maynard Waterworks,3,619,"$5,000",449,LSLI,,X,
581,Mc Crory Waterworks,3,599,"$16,560","1,747",LSLI,,X,
582,Mc Dougal Waterworks,3,98,"$5,000",248,LSLI,,X,
583,Mc Neil Rural Water Assoc,3,705,"$7,260",900,LSLI,,X,
584,Mc Neil Waterworks,3,110,"$5,000",515,LSLI,,X,
585,Mc Rae Waterworks,3,589,"$7,440",800,LSLI,,X,
586,McGehee Waterworks,3,170,"$32,560","4,219",LSLI,,X,
587,"Melbourne
Waterworks",3,256,"$37,120","3,600",LSLI,,X,
588,Mena Water Dept,3,438,"$77,120","7,784",LSLI,,X,
589,"Menifee Water
Department",3,118,"$5,000",445,LSLI,,X,
590,"Mid-Arkansas Utilities
PWA",3,725,"$83,600","11,148",LSLI,,X,
591,"Midway Water
Association",3,153,"$15,520","1,992",LSLI,,X,
592,Mill Pond Village MHP,3,786,"$5,000",160,LSLI,,X,
593,"Miller County Public
Water Authority",3,1141,"$5,920",680,LSLI,,X,
594,"Milltown-Washburn
Water Users",3,773,"$32,600","3,837",LSLI,,X,
595,"Millwood Water
Corporation",3,409,"$5,000",545,LSLI,,X,
596,"Mineral Springs
Waterworks",3,242,"$10,000","1,245",LSLI,,X,
597,"Mitchellville
Waterworks",3,169,"$5,000",360,LSLI,,X,
598,"Mockingbird Hill Water
Assoc",3,42,"$6,180",860,LSLI,,X,
599,Monette Waterworks,3,128,"$13,200","1,391",LSLI,,X,
600,"Monticello Water
Department",3,184,"$116,300","9,467",LSLI,,X,
601,"Montrose / Boydell
Water System",3,14,"$5,000",473,LSLI,,X,
602,"Morning Star Water
Association",3,681,"$12,200","1,284",LSLI,,X,
603,Moro Waterworks,3,314,"$5,000",180,LSLI,,X,
604,"Morrison Bluff Water
System",3,709,"$5,000",325,LSLI,,X,
605,"Mount Holly
Waterworks",3,2,"$5,000",384,LSLI,,X,
606,Mount Ida Waterworks,3,392,"$28,200","3,218",LSLI,,X,
607,"Mount Olive Water
Association",3,668,"$49,860","6,858",LSLI,,X,
608,"Mountain Home
Waterworks",3,25,"$150,080","16,333",LSLI,,X,
609,"Mountain Pine
Waterworks",3,176,"$6,340",770,LSLI,,X,
610,"Mountainburg Water
and Sewer",3,141,"$7,600",950,LSLI,,X,
611,Mt Pleasant Waterworks,3,258,"$11,800","1,338",LSLI,,X,
612,Mt Sherman Water Association,3,680,"$6,420",805,LSLI,,X,
613,Mulberry Waterworks,3,136,"$14,380","1,648",LSLI,,X,
614,Mundell Heights Waterworks,3,633,"$5,000",190,LSLI,,X,
615,Murfreesboro Waterworks,3,425,"$16,060","1,645",LSLI,,X,
616,N Garland Co Reg Water Dist,3,867,"$64,420","6,859",LSLI,,X,
617,Nail Swain Water Association,3,856,"$7,360",930,LSLI,,X,
618,Nashville Rural Water Authority,3,805,"$59,720","7,291",LSLI,,X,
619,Nashville Waterworks,3,244,"$39,700","5,094",LSLI,,X,
620,Ne Mississippi Co Water Assoc,3,673,"$9,580","1,156",LSLI,,X,
621,Ne Yell County Water Assoc,3,697,"$49,820","6,125",LSLI,,X,
622,New Hope Water Association,3,683,"$9,840","1,136",LSLI,,X,
623,New London Water Association,3,557,"$6,600",802,LSLI,,X,
624,Newark Waterworks,3,248,"$11,820","1,358",LSLI,,X,
625,Newport Waterworks,3,264,"$52,540","6,468",LSLI,,X,
626,Norfolk Waterworks,3,35,"$7,720","1,503",LSLI,,X,
627,Norman Waterworks,3,391,"$7,040",850,LSLI,,X,
628,Norphlet Waterworks,3,554,"$8,960","1,112",LSLI,,X,
629,North Carbon City Water Assoc,3,331,"$5,000",100,LSLI,,X,
630,North Crossett Utilities,3,22,"$25,780","2,924",LSLI,,X,
631,Northeast Crossett Water Assn,3,23,"$5,000",154,LSLI,,X,
632,Northeast Public Water Auth,3,33,"$36,280","4,011",LSLI,,X,
633,North Howard Rural Water Association,3,1075,"$5,660",710,LSLI,,X,
634,North Jackson Co Water Assn,3,767,"$6,520",807,LSLI,,X,
635,North Lagrue Water Assoc,3,12,"$5,000",296,LSLI,,X,
636,North Pike Co Rural Water Assn,3,826,"$18,440","1,976",LSLI,,X,
637,North White Co Rural Water PFB,3,583,"$41,780","5,215",LSLI,,X,
638,Northeast Dewitt Water Assoc,3,7,"$5,240",662,LSLI,,X,
639,Northern Ohio Water Assoc,3,175,"$5,320",665,LSLI,,X,
640,Oak Grove Water,3,801,"$5,000",433,LSLI,,X,
641,Oak Grove Water Association,3,146,"$23,160","2,773",LSLI,,X,
642,Oak Manor Water Association,3,558,"$5,000",339,LSLI,,X,
643,Oakhill Surb Improvement Dist,3,676,"$5,000",130,LSLI,,X,
644,Oden- Pencil Bluff Water Assn.,3,616,"$5,000",393,LSLI,,X,
645,Ogden Waterworks,3,322,"$5,000",487,LSLI,,X,
646,Oil Trough Waterworks,3,247,"$5,000",284,LSLI,,X,
647,O'Kean Waterworks,3,473,"$5,000",211,LSLI,,X,
648,Okolona Waterworks,3,89,"$5,000",562,LSLI,,X,
649,Ola Waterworks,3,604,"$9,080",593,LSLI,,X,
650,Old Bella Vista Poa,3,753,"$5,000",105,LSLI,,X,
651,Old Union Public Water Authority,3,559,"$9,600","1,200",LSLI,,X,
652,Omaha Waterworks,3,64,"$9,460","1,188",LSLI,,X,
653,Oppelo Water Department,3,120,"$10,080","1,300",LSLI,,X,
654,Osceola Waterworks,3,375,"$54,340","6,053",LSLI,,X,
655,Outside Kingsland Water Assoc,3,802,"$5,000",450,LSLI,,X,
656,Oxford Waterworks,3,259,"$9,520","1,074",LSLI,,X,
657,Ozan Creek Rural Water System,3,1078,"$5,520",787,LSLI,,X,
658,Ozan Waterworks,3,227,"$5,000",425,LSLI,,X,
659,Ozark Acres Water Association,3,530,"$6,720",819,LSLI,,X,
660,Ozark Waterworks,3,201,"$34,540","4,368",LSLI,,X,
661,Palestine Water Association,3,536,"$14,700","1,800",LSLI,,X,
662,Pangburn Waterworks,3,580,"$22,200","2,975",LSLI,,X,
663,"Paragould, Light, Water, & Cable",3,222,"$249,500","27,396",LSLI,,X,
664,Paris Waterworks,3,328,"$34,920","4,935",LSLI,,X,
665,Parkdale Waterworks,3,19,"$5,000",288,LSLI,,X,
666,Parkers Chapel Public Water,3,560,"$19,320","2,391",LSLI,,X,
667,Parkin Rural Water Association,3,662,"$5,000",406,LSLI,,X,
668,Parkin Waterworks,3,160,"$8,860",988,LSLI,,X,
669,Parthenon Water Association,3,736,"$5,000",393,LSLI,,X,
670,Patterson Waterworks,3,598,"$5,000",452,LSLI,,X,
671,Pea Ridge Waterworks,3,53,"$65,400","7,273",LSLI,,X,
672,Peach Orchard Waterworks,3,91,"$5,000",135,LSLI,,X,
673,Pendleton-Pea Ridge Water Assn,3,649,"$7,440",845,LSLI,,X,
674,Perla Water Association,3,623,"$15,680","1,970",LSLI,,X,
675,Perry Water System,3,412,"$5,320",658,LSLI,,X,
676,Perrytown Waterworks,3,234,"$5,000",130,LSLI,,X,
677,Perryville Waterworks,3,413,"$43,420","2,976",LSLI,,X,
678,Pfeiffer Water Authority,3,251,"$29,880","3,167",LSLI,,X,
679,Pickens Waterworks,3,172,"$5,000",49,LSLI,,X,
680,Piggott Waterworks,3,90,"$40,860","3,635",LSLI,,X,
681,Pike City Water Assn,3,818,"$5,000",333,LSLI,,X,
682,Pine Top Water Facilities Board,3,1240,"$5,000",25,LSLI,,X,
683,Pleasant Grove,3,720,"$21,180","2,315",LSLI,,X,
684,Pleasant View Water Fac Board,3,202,"$13,660","1,708",LSLI,,X,
685,Plumerville Waterworks,3,121,"$8,080",826,LSLI,,X,
686,Pocahontas Waterworks,3,474,"$73,400","7,830",LSLI,,X,
687,Pollard Waterworks,3,92,"$5,000",287,LSLI,,X,
688,Portia Waterworks,3,305,"$5,000",437,LSLI,,X,
689,Portland Waterworks,3,18,"$5,000",430,LSLI,,X,
690,Pottsville Water Association,3,445,"$32,000","4,108",LSLI,,X,
691,Poyen Waterworks,3,217,"$7,020",875,LSLI,,X,
692,Prairie Grove Waterworks,3,573,"$62,500","8,398",LSLI,,X,
693,Prattville Waterworks,3,216,"$10,500","1,282",LSLI,,X,
694,Prescott Waterworks,3,394,"$39,140","4,525",LSLI,,X,
695,Pyatt Waterworks,3,354,"$5,000",225,LSLI,,X,
696,Quinn Water Association,3,561,"$5,900",729,LSLI,,X,
697,Quitman Waterworks,3,105,"$14,500","1,090",LSLI,,X,
698,Ratcliff Waterworks,3,329,"$10,740","1,395",LSLI,,X,
699,Ravenden Springs Waterworks,3,477,"$5,000",143,LSLI,,X,
700,Ravenden Waterworks,3,306,"$5,300",470,LSLI,,X,
701,Rector Waterworks,3,93,"$17,840","2,312",LSLI,,X,
702,Redfield Waterworks,3,279,"$22,900","2,865",LSLI,,X,
703,Redhill Water Association,3,732,"$5,000",475,LSLI,,X,
704,Reed Waterworks,3,173,"$5,000",209,LSLI,,X,
705,Reyno Waterworks,3,475,"$5,000",437,LSLI,,X,
706,Richwoods Water Association,3,835,"$13,180","1,496",LSLI,,X,
707,Rison Waterworks,3,106,"$9,900","1,344",LSLI,,X,
708,River Valley Water Assn,3,833,"$9,980","1,220",LSLI,,X,
709,River south Rural Water Dist,3,674,"$35,120","4,275",LSLI,,X,
710,Riviera Utilities,3,239,"$14,560","1,800",LSLI,,X,
711,Roe Waterworks,3,389,"$5,000",124,LSLI,,X,
712,Rogers Water Utilities,3,55,"$586,520","70,878",LSLI,,X,
713,Rosston Water Department,3,395,"$6,260",750,LSLI,,X,
714,Russell Waterworks,3,591,"$5,000",338,LSLI,,X,
715,S P G Water Association,3,678,"$13,940","1,745",LSLI,,X,
716,Salem Water Association,3,492,"$134,000","16,737",LSLI,,X,
717,Salem Waterworks,3,204,"$14,920","1,639",LSLI,,X,
718,Saline Co Ww Ss PFB,3,491,"$18,200","1,900",LSLI,,X,
719,Sardis Water Association,3,493,"$116,820","13,752",LSLI,,X,
720,Scranton Waterworks,3,330,"$11,980","1,498",LSLI,,X,
721,SDM Water Association,3,758,"$5,000",482,LSLI,,X,
722,Se Bradley Co Water Assn,3,870,"$21,160","2,643",LSLI,,X,
723,Se White County Water Assoc,3,594,"$42,900","4,992",LSLI,,X,
724,Searcy Waterworks,3,590,"$211,520","25,918",LSLI,,X,
725,Sebastian Lake Utility Operating Company,3,511,"$5,000",298,LSLI,,X,
726,Sedgwick Waterworks,3,304,"$5,000",210,LSLI,,X,
727,Selma Water Association,3,182,"$9,000","1,094",LSLI,,X,
728,Sevier Co Water Association,3,868,"$38,940","4,767",LSLI,,X,
729,Shannon Hills Water Dept,3,800,"$34,040","3,443",LSLI,,X,
730,Sheridan Waterworks,3,215,"$36,840","4,605",LSLI,,X,
731,Shumaker Public Service Co,3,407,"$12,100","1,399",LSLI,,X,
732,Sidney Water System,3,528,"$5,000",312,LSLI,,X,
733,Siloam Springs Waterworks,3,56,"$161,900","17,148",LSLI,,X,
734,Smackover Waterworks,3,555,"$23,220","2,821",LSLI,,X,
735,South Logan County Water,3,851,"$15,500","1,783",LSLI,,X,
736,South Mountain Water Assn,3,815,"$7,060",828,LSLI,,X,
737,South Pike Co. Water,3,978,"$6,520",755,LSLI,,X,
738,South Sheridan Water Assoc,3,219,"$30,700","3,887",LSLI,,X,
739,Southern Hills Water System,3,792,"$5,000",45,LSLI,,X,
740,Southside Pub Water Authority,3,254,"$79,260","9,108",LSLI,,X,
741,Southwest Arkansas Water Syst,3,889,"$19,160","1,698",LSLI,,X,
742,Southwest Water Association,3,495,"$76,000","9,185",LSLI,,X,
743,Spadra-Goose Camp Water Assoc,3,293,"$5,000",517,LSLI,,X,
744,Sparkman Waterworks,3,166,"$10,660","1,178",LSLI,,X,
745,Springdale Water Utilities,3,575,"$752,260","90,235",LSLI,,X,
746,St Charles Waterworks,3,5,"$5,000",347,LSLI,,X,
747,St Francis River Reg Water Dd,3,836,"$19,940","2,501",LSLI,,X,
748,St Francis Rural Water Assoc,3,537,"$12,680","1,775",LSLI,,X,
749,St Francis Water System,3,94,"$5,000",263,LSLI,,X,
750,Star City Water Waterworks,3,318,"$19,860","2,274",LSLI,,X,
751,Starlight Estates,3,755,"$5,000",44,LSLI,,X,
752,Stephens Waterworks,3,405,"$9,820","1,000",LSLI,,X,
753,Strawberry Waterworks,3,307,"$8,200",998,LSLI,,X,
754,Strong Waterworks,3,556,"$9,260","1,131",LSLI,,X,
755,Stuttgart Waterworks,3,13,"$85,400","9,085",LSLI,,X,
756,Subiaco Academy Waterworks,3,334,"$5,000",250,LSLI,,X,
757,Subiaco City Waterworks,3,135,"$5,000",533,LSLI,,X,
758,Success Waterworks,3,95,"$5,000",164,LSLI,,X,
759,Sulphur Springs Waterworks,3,57,"$5,020",628,LSLI,,X,
760,Summit Waterworks,3,355,"$5,500",604,LSLI,,X,
761,Sunset Water Association,3,472,"$5,840",575,LSLI,,X,
762,SW Boone County Water Assoc,3,628,"$34,600","4,178",LSLI,,X,
763,SW Warren Water Association,3,852,"$6,060",765,LSLI,,X,
764,SW White County Water Assn,3,185,"$89,700","10,917",LSLI,,X,
765,Swifton Waterworks,3,265,"$7,780","1,013",LSLI,,X,
766,Sylamore Valley Water Assn,3,882,"$5,000",290,LSLI,,X,
767,Sylvan Shores Sd Waterworks,3,45,"$5,000",85,LSLI,,X,
768,Tall Oaks MHP,3,891,"$5,000",22,LSLI,,X,
769,Tanksley Apartments,3,895,"$5,000",52,LSLI,,X,
770,Taylor Waterworks,3,114,"$5,160",566,LSLI,,X,
771,Texarkana Water Utilities,3,360,"$238,700","67,267",LSLI,,X,
772,Thornton Waterworks,3,72,"$6,460",843,LSLI,,X,
773,Tillar Waterworks,3,186,"$5,000",225,LSLI,,X,
774,Toad Suck Public Facility Bd,3,798,"$10,620","1,314",LSLI,,X,
775,Tollette Water,3,618,"$5,000",346,LSLI,,X,
776,Tontitown Waterworks,3,566,"$44,420","3,740",LSLI,,X,
777,Tri County RWDD -Mores Chapel,3,846,"$20,520","2,620",LSLI,,X,
778,Tri-County Water Distbr Dist,3,782,"$160,440","16,671",LSLI,,X,
779,Trumann Rural Water Assoc,3,434,"$22,040","3,082",LSLI,,X,
780,Trumann Waterworks,3,435,"$50,780","7,142",LSLI,,X,
781,Tuckerman Waterworks,3,266,"$15,100","1,817",LSLI,,X,
782,Tulip - Princeton Water Assn,3,825,"$9,100","1,083",LSLI,,X,
783,Tull Water,3,220,"$18,540","1,987",LSLI,,X,
784,Tumbling Shoals Water Assoc,3,579,"$51,520","4,890",LSLI,,X,
785,Turrell Water Works,3,155,"$5,000",540,LSLI,,X,
786,Tyronza Waterworks,3,426,"$7,300",826,LSLI,,X,
787,United Water Association,3,654,"$5,000",461,LSLI,,X,
788,Us Air Force Base Little Rock,3,690,"$37,980","8,618",LSLI,,X,
789,Valley Springs Waterworks,3,65,"$25,340","3,168",LSLI,,X,
790,Van Buren County W U A,3,727,"$38,680","3,062",LSLI,,X,
791,Van Buren Waterworks,3,142,"$186,300","22,725",LSLI,,X,
792,Vanndale-Birdeye Water Assoc,3,162,"$17,720","2,389",LSLI,,X,
793,Victoria Water Association,3,380,"$5,000",35,LSLI,,X,
794,Village Water Association,3,115,"$5,000",379,LSLI,,X,
795,Vilonia Waterworks,3,195,"$189,120","22,730",LSLI,,X,
796,Viola Waterworks,3,205,"$5,000",363,LSLI,,X,
797,Wabbaseka Waterworks,3,283,"$5,000",286,LSLI,,X,
798,Waldo Waterworks,3,112,"$14,200","1,630",LSLI,,X,
799,Waldron Waterworks,3,498,"$32,780","2,955",LSLI,,X,
800,Walker Creek Stateline RWA,3,858,"$11,320","1,340",LSLI,,X,
801,Walker Water Association,3,116,"$9,400","1,182",LSLI,,X,
802,Walkersville Water Association,3,639,"$5,000",547,LSLI,,X,
803,Walnut Hill Water Association,3,298,"$5,000",270,LSLI,,X,
804,Walnut Ridge Waterworks,3,309,"$48,860","5,234",LSLI,,X,
805,Ward Waterworks,3,345,"$93,040","11,025",LSLI,,X,
806,Warren Waterworks,3,66,"$53,420","6,228",LSLI,,X,
807,Washington Water Authority WWA,3,574,"$145,700","18,212",LSLI,,X,
808,Washington Water System,3,232,"$5,000",142,LSLI,,X,
809,Watalula Water Ass0Ciation,3,606,"$22,880","2,278",LSLI,,X,
810,Watson Chapel Water Assoc,3,284,"$46,920","5,865",LSLI,,X,
811,Watson Waterworks,3,174,"$5,000",188,LSLI,,X,
812,Weiner Waterworks,3,428,"$8,000",997,LSLI,,X,
813,Wesson-Newell Water Assoc,3,103,"$5,000",658,LSLI,,X,
814,West Ashley County Water Assn,3,878,"$7,420",683,LSLI,,X,
815,West Fork Waterworks,3,577,"$22,100","2,688",LSLI,,X,
816,West Helena Water Works,3,416,"$51,920","5,673",LSLI,,X,
817,West Memphis Waterworks,3,156,"$181,400","20,138",LSLI,,X,
818,West Saline Water Users Assn,3,682,"$14,600","1,825",LSLI,,X,
819,West Stone County Water Assn,3,735,"$37,380","5,188",LSLI,,X,
820,West Woodruff Water District,3,779,"$5,000",341,LSLI,,X,
821,Western Greene County R W D,3,704,"$54,240","7,342",LSLI,,X,
822,Western Grove Municipal Water,3,400,"$7,220",939,LSLI,,X,
823,Wheatley Waterworks,3,535,"$5,000",550,LSLI,,X,
824,Whelen Springs Water Dept,3,804,"$5,000",557,LSLI,,X,
825,Wickes Waterworks,3,440,"$16,220","2,014",LSLI,,X,
826,Widener Waterworks,3,538,"$5,000",678,LSLI,,X,
827,Wilburn Water Association,3,686,"$6,620",773,LSLI,,X,
828,Wildwood Water Association,3,562,"$10,760","1,350",LSLI,,X,
829,Williford Waterworks,3,529,"$5,000",105,LSLI,,X,
830,Willisville Waterworks,3,650,"$5,000",475,LSLI,,X,
831,Wilmar Waterworks,3,187,"$7,000",809,LSLI,,X,
832,Wilmot Waterworks,3,21,"$5,580",550,LSLI,,X,
833,Wilson Water System,3,370,"$8,880","1,122",LSLI,,X,
834,Wilton Waterworks,3,321,"$5,000",354,LSLI,,X,
835,Winchester Waterworks,3,188,"$5,000",457,LSLI,,X,
836,Winslow Waterworks,3,332,"$12,580","1,590",LSLI,,X,
837,Winthrop Water Association,3,642,"$5,000",338,LSLI,,X,
838,Wire Road Water System,3,783,"$6,840",830,LSLI,,X,
839,WKMM Rural Water Association,3,700,"$5,000",310,LSLI,,X,
840,Wooster Waterworks,3,196,"$35,180","5,000",LSLI,,X,
841,Wright-Pastoria Water Assoc,3,695,"$7,520","1,229",LSLI,,X,
842,Wye Mountain Water Association,3,410,"$11,500","1,350",LSLI,,X,
843,Wynne Waterworks,3,163,"$82,000","7,652",LSLI,,X,
844,Yarbro Waterworks,3,383,"$5,000",392,LSLI,,X,
845,Yellville Waterworks,3,356,"$20,840","2,329",LSLI,,X,
846,Yorktown Water Association,3,319,"$62,940","7,364",LSLI,,X,
847,Bee Branch Water,3,462,"$28,420","3,345",LSLI,,X,
848,Cross County Rural Water Sys,3,459,"$76,260","9,276",LSLI,,X,
849,Dennard Water Association,3,461,"$8,280",908,LSLI,,X,
850,East Prairie City Public Water Authority,3,458,"$5,280",700,LSLI,,X,
851,Hazen Waterworks,3,452,"$15,100","1,338",LSLI,,X,
852,Mountain Top Water Association,3,454,"$73,020","8,838",LSLI,,X,
853,Ulm Waterworks,3,451,"$5,000",213,LSLI,,X,
854,Waldenburg Water Association,3,460,"$5,000",181,LSLI,,X,
855,Rock Moore Water Authority,3,252,"$500,000","3,442",Manganese Treatment,,,X
856,Altheimer Waterworks,3,271,"$500,000",900,Manganese Treatment,,,X
857,Antoine Waterworks,3,424,"$500,000",563,Manganese Treatment,,,X
858,Arkansas Dept Of Env Quality,3,N/A,"$1,403,134",N/A,PFAs Study,,,X
859,Arsenal Water System,3,667,"$500,000",600,Manganese Treatment,,,X
860,Barton Lexa Water Association,3,415,"$500,000","3,700",Manganese Treatment,,,X
861,Bearden Waterworks,3,401,"$500,000","1,982",Manganese Treatment,,,X
862,Beedeville Water Works,3,262,"$500,000",112,Manganese Treatment,,,X
863,Bigelow Waterworks,3,411,"$500,000",544,Manganese Treatment,,,X
864,Biscoe Waterworks,3,448,"$500,000",440,Manganese Treatment,,,X
865,Bradford Waterworks,3,587,"$500,000",950,Manganese Treatment,,,X
866,Brinkley Waterworks,3,384,"$500,000","3,940",Manganese Treatment,,,X
867,Buckner Waterworks,3,295,"$500,000",290,Manganese Treatment,,,X
868,Calico Rock Waterworks,3,3,"$500,000","1,603",Manganese Treatment,,,X
869,Carlisle Waterworks,3,339,"$500,000","2,417",Manganese Treatment,,,X
870,Carthage Water and Sewer,3,165,"$500,000",345,Manganese Treatment,,,X
871,Center Grove Water Association,3,213,"$500,000","4,377",Manganese Treatment,,,X
872,Central Arkansas Water,3,465,"$900,000","365,000",48 Inch Raw Water Assessment,,X,
873,Central Arkansas Water,3,465,"$900,000","365,000",72 Inch Raw Water Assessment,,X,
874,Central Arkansas Water,3,465,"$3,000,000","365,000",Wilson Plant Equipment,,X,
875,Central Arkansas Water,3,465,"$2,300,000","365,000",Wilson Plant Equipment,,X,
876,Clarendon Waterworks,3,385,"$500,000","1,293",Manganese Treatment,,,X
877,Des Arc Waterworks,3,449,"$500,000","3,964",Manganese Treatment,,,X
878,Devalls Bluff Waterworks,3,450,"$500,000",600,Manganese Treatment,,,X
879,East End Water,3,646,"$500,000","5,954",Manganese Treatment,,,X
880,East Prairie Cnty Public Water Authority,3,458,"$500,000",700,Manganese Treatment,,,X
881,England Waterworks,3,341,"$500,000","2,823",Manganese Treatment,,,X
882,Eudora Waterworks,3,83,"$500,000","2,600",Manganese Treatment,,,X
883,Fordyce Water Co,3,164,"$500,000","4,500",Manganese Treatment,,,X
884,Forrest City Waterworks,3,4,"$500,000","15,435",Manganese Treatment,,,X
885,Fountain Hill Waterworks,3,16,"$500,000",890,Manganese Treatment,,,X
886,Grand Prairie Regional Water,3,738,"$500,000","13,500",Manganese Treatment,,,X
887,Harrell,3,71,"$2,900",296,LSLI,X,,
888,Hazen Waterworks,3,452,"$500,000","1,338",Manganese Treatment,,,X
889,Helena Water Sewer,3,419,"$500,000","5,500",Manganese Treatment,,,X
890,Hickory Ridge Waterworks,3,159,"$500,000",280,Manganese Treatment,,,X
891,Holly Grove Waterworks,3,388,"$500,000","1,010",Manganese Treatment,,,X
892,Horatio Waterworks,3,518,"$500,000","1,278",Manganese Treatment,,,X
893,Humphrey Waterworks,3,10,"$500,000",602,Manganese Treatment,,,X
894,Hwy 63 Water Association,3,107,"$500,000","7,185",Manganese Treatment,,,X
895,Keo Water Works,3,337,"$500,000",275,Manganese Treatment,,,X
896,Leola Waterworks,3,218,"$500,000",561,Manganese Treatment,,,X
897,Lewisville Waterworks,3,297,"$500,000","1,951",Manganese Treatment,,,X
898,"Liberty - Woodson /
Hensley",3,471,"$500,000","1,000",Manganese Treatment,,,X
899,Liberty Utilities,3,272,"$500,000","48,038",Manganese Treatment,,,X
900,"Little Creek Water
Association",3,214,"$500,000","2,542",Manganese Treatment,,,X
901,Lonoke Waterworks,3,343,"$500,000","4,167",Manganese Treatment,,,X
902,Manila Waterworks,3,378,"$500,000","3,348",Manganese Treatment,,,X
903,Marion Waterworks,3,152,"$500,000","12,345",Manganese Treatment,,,X
904,"Mt Pleasant
Waterworks",3,258,"$500,000","1,338",Manganese Treatment,,,X
905,Ogden Waterworks,3,322,"$500,000",487,Manganese Treatment,,,X
906,Ozan Waterworks,3,227,"$500,000",425,Manganese Treatment,,,X
907,Portland Waterworks,3,18,"$500,000",430,Manganese Treatment,,,X
908,Prattville Waterworks,3,216,"$500,000","1,282",Manganese Treatment,,,X
909,Redfield Waterworks,3,279,"$500,000","2,865",Manganese Treatment,,,X
910,Sheridan Waterworks,3,215,"$500,000","4,605",Manganese Treatment,,,X
911,"Shumaker Public
Service Co",3,407,"$500,000","1,399",Manganese Treatment,,,X
912,"South Sheridan Water
Assoc",3,219,"$500,000","3,887",Manganese Treatment,,,X
913,Stamps Waterworks,3,296,"$500,000","3,262",Manganese Treatment,,,X
914,Stuttgart Waterworks,3,13,"$500,000","9,085",Manganese Treatment,,,X
915,Thornton Waterworks,3,72,"$500,000",843,Manganese Treatment,,,X
916,"Tulip - Princeton
Water Assn",3,825,"$500,000","1,083",Manganese Treatment,,,X
917,"Wabbaseka
Waterworks",3,283,"$500,000",286,Manganese Treatment,,,X
918,"Watson Chapel Water
Assoc",3,284,"$500,000","5,865",Manganese Treatment,,,X
919,"West Helena Water
Works",3,416,"$500,000","5,673",Manganese Treatment,,,X
920,Willisville Waterworks,3,650,"$500,000",475,Manganese Treatment,,,X
921,"Wright-Pastoria Water
Assoc",3,695,"$500,000","1,229",Manganese Treatment,,,X